Workbook

Sheet Employee
A1: Employee Attrition Data
A2: EmpID | B2: Name | C2: Department | D2: Gender | E2: Experience | F2: Salary | G2: Attrition | H2: Senior/Junior | I2: High salary/low salary | J2: 10% Retension bonus | K2: Proper Case | L2: Extract 2 Letters | N2: 1 | O2: Total salary of all employee | Q2: 11 | R2: Left the company
A3: 101 | B3: Ravi | C3: IT | D3: M | E3: 2 | F3: 35000 | G3: Yes | H3: =IF(E3>5,"senior","junior") -> junior | I3: =IF(Employee!F3>50000,"High salary","low salary") -> low salary | J3: =IF(F3>60000,F3*10%,0) -> 0 | K3: =PROPER(B3) -> Ravi | L3: =LEFT(B3,"2") -> Ra | O3: =SUM(F3:F22) -> 1008000 | R3: =COUNTIF(G3:G22,"yes") -> 6
A4: 102 | B4: Sita | C4: HR | D4: F | E4: 5 | F4: 45000 | G4: No | H4: =IF(E4>5,"senior","junior") -> junior | I4: =IF(Employee!F4>50000,"High salary","low salary") -> low salary | J4: =IF(F4>60000,F4*10%,0) -> 0 | K4: =PROPER(B4) -> Sita | L4: =LEFT(B4,"2") -> Si
A5: 103 | B5: John | C5: Sales | D5: M | E5: 1 | F5: 30000 | G5: Yes | H5: =IF(E5>5,"senior","junior") -> junior | I5: =IF(Employee!F5>50000,"High salary","low salary") -> low salary | J5: =IF(F5>60000,F5*10%,0) -> 0 | K5: =PROPER(B5) -> John | L5: =LEFT(B5,"2") -> Jo | N5: 2 | O5: Average salary of employee | Q5: 12 | R5: Stayed in company
A6: 104 | B6: Anita | C6: IT | D6: F | E6: 7 | F6: 65000 | G6: No | H6: =IF(E6>5,"senior","junior") -> senior | I6: =IF(Employee!F6>50000,"High salary","low salary") -> High salary | J6: =IF(F6>60000,F6*10%,0) -> 6500 | K6: =PROPER(B6) -> Anita | L6: =LEFT(B6,"2") -> An | O6: =AVERAGE(F3:F22) -> 50400 | R6: =COUNTIF(G3:G22,"no") -> 14
A7: 105 | B7: Rajesh | C7: Sales | D7: M | E7: 3 | F7: 40000 | G7: No | H7: =IF(E7>5,"senior","junior") -> junior | I7: =IF(Employee!F7>50000,"High salary","low salary") -> low salary | J7: =IF(F7>60000,F7*10%,0) -> 0 | K7: =PROPER(B7) -> Rajesh | L7: =LEFT(B7,"2") -> Ra
A8: 106 | B8: Sunil | C8: IT | D8: M | E8: 8 | F8: 70000 | G8: No | H8: =IF(E8>5,"senior","junior") -> senior | I8: =IF(Employee!F8>50000,"High salary","low salary") -> High salary | J8: =IF(F8>60000,F8*10%,0) -> 7000 | K8: =PROPER(B8) -> Sunil | L8: =LEFT(B8,"2") -> Su | N8: 3 | O8: Highest salary of employee | Q8: 13 | R8: attrition status
A9: 107 | B9: Priya | C9: HR | D9: F | E9: 2 | F9: 38000 | G9: Yes | H9: =IF(E9>5,"senior","junior") -> junior | I9: =IF(Employee!F9>50000,"High salary","low salary") -> low salary | J9: =IF(F9>60000,F9*10%,0) -> 0 | K9: =PROPER(B9) -> Priya | L9: =LEFT(B9,"2") -> Pr | O9: =MAX(F3:F22) -> 80000 | R9: =R3/O15 -> 0.3
A10: 108 | B10: Kiran | C10: Sales | D10: M | E10: 4 | F10: 42000 | G10: No | H10: =IF(E10>5,"senior","junior") -> junior | I10: =IF(Employee!F10>50000,"High salary","low salary") -> low salary | J10: =IF(F10>60000,F10*10%,0) -> 0 | K10: =PROPER(B10) -> Kiran | L10: =LEFT(B10,"2") -> Ki
A11: 109 | B11: Deepa | C11: IT | D11: F | E11: 6 | F11: 62000 | G11: No | H11: =IF(E11>5,"senior","junior") -> senior | I11: =IF(Employee!F11>50000,"High salary","low salary") -> High salary | J11: =IF(F11>60000,F11*10%,0) -> 6200 | K11: =PROPER(B11) -> Deepa | L11: =LEFT(B11,"2") -> De | N11: 4 | O11: Lowest salary of employee | Q11: 14 | R11: >5 years EXP
A12: 110 | B12: Mohan | C12: Sales | D12: M | E12: 2 | F12: 35000 | G12: Yes | H12: =IF(E12>5,"senior","junior") -> junior | I12: =IF(Employee!F12>50000,"High salary","low salary") -> low salary | J12: =IF(F12>60000,F12*10%,0) -> 0 | K12: =PROPER(B12) -> Mohan | L12: =LEFT(B12,"2") -> Mo | O12: =MIN(F3:F22) -> 30000 | R12: =COUNTIF(E3:E22,">5") -> 8
A13: 111 | B13: Harish | C13: HR | D13: M | E13: 5 | F13: 47000 | G13: No | H13: =IF(E13>5,"senior","junior") -> junior | I13: =IF(Employee!F13>50000,"High salary","low salary") -> low salary | J13: =IF(F13>60000,F13*10%,0) -> 0 | K13: =PROPER(B13) -> Harish | L13: =LEFT(B13,"2") -> Ha
A14: 112 | B14: Swathi | C14: IT | D14: F | E14: 9 | F14: 75000 | G14: No | H14: =IF(E14>5,"senior","junior") -> senior | I14: =IF(Employee!F14>50000,"High salary","low salary") -> High salary | J14: =IF(F14>60000,F14*10%,0) -> 7500 | K14: =PROPER(B14) -> Swathi | L14: =LEFT(B14,"2") -> Sw | N14: 5 | O14: Employee strenght | Q14: 15 | R14: >50000 EMP
A15: 113 | B15: Arun | C15: Sales | D15: M | E15: 3 | F15: 39000 | G15: Yes | H15: =IF(E15>5,"senior","junior") -> junior | I15: =IF(Employee!F15>50000,"High salary","low salary") -> low salary | J15: =IF(F15>60000,F15*10%,0) -> 0 | K15: =PROPER(B15) -> Arun | L15: =LEFT(B15,"2") -> Ar | O15: =COUNT(F3:F22) -> 20 | R15: =COUNTIF(F3:F22,">50000") -> 7
A16: 114 | B16: Latha | C16: HR | D16: F | E16: 4 | F16: 44000 | G16: No | H16: =IF(E16>5,"senior","junior") -> junior | I16: =IF(Employee!F16>50000,"High salary","low salary") -> low salary | J16: =IF(F16>60000,F16*10%,0) -> 0 | K16: =PROPER(B16) -> Latha | L16: =LEFT(B16,"2") -> La
A17: 115 | B17: Venkat | C17: Sales | D17: M | E17: 7 | F17: 55000 | G17: No | H17: =IF(E17>5,"senior","junior") -> senior | I17: =IF(Employee!F17>50000,"High salary","low salary") -> High salary | J17: =IF(F17>60000,F17*10%,0) -> 0 | K17: =PROPER(B17) -> Venkat | L17: =LEFT(B17,"2") -> Ve | N17: 6 | O17: IT Employees
A18: 116 | B18: Geetha | C18: IT | D18: F | E18: 8 | F18: 72000 | G18: No | H18: =IF(E18>5,"senior","junior") -> senior | I18: =IF(Employee!F18>50000,"High salary","low salary") -> High salary | J18: =IF(F18>60000,F18*10%,0) -> 7200 | K18: =PROPER(B18) -> Geetha | L18: =LEFT(B18,"2") -> Ge | O18: =COUNTIF(Employee!C3:C22,"IT") -> 7
A19: 117 | B19: Ramesh | C19: Sales | D19: M | E19: 2 | F19: 36000 | G19: Yes | H19: =IF(E19>5,"senior","junior") -> junior | I19: =IF(Employee!F19>50000,"High salary","low salary") -> low salary | J19: =IF(F19>60000,F19*10%,0) -> 0 | K19: =PROPER(B19) -> Ramesh | L19: =LEFT(B19,"2") -> Ra
A20: 118 | B20: Divya | C20: HR | D20: F | E20: 6 | F20: 50000 | G20: No | H20: =IF(E20>5,"senior","junior") -> senior | I20: =IF(Employee!F20>50000,"High salary","low salary") -> low salary | J20: =IF(F20>60000,F20*10%,0) -> 0 | K20: =PROPER(B20) -> Divya | L20: =LEFT(B20,"2") -> Di | N20: 7 | O20: Sales employees
A21: 119 | B21: Naveen | C21: IT | D21: M | E21: 10 | F21: 80000 | G21: No | H21: =IF(E21>5,"senior","junior") -> senior | I21: =IF(Employee!F21>50000,"High salary","low salary") -> High salary | J21: =IF(F21>60000,F21*10%,0) -> 8000 | K21: =PROPER(B21) -> Naveen | L21: =LEFT(B21,"2") -> Na | O21: =COUNTIF(C3:C22,"sales") -> 8
A22: 120 | B22: Suresh | C22: Sales | D22: M | E22: 5 | F22: 48000 | G22: No | H22: =IF(E22>5,"senior","junior") -> junior | I22: =IF(Employee!F22>50000,"High salary","low salary") -> low salary | J22: =IF(F22>60000,F22*10%,0) -> 0 | K22: =PROPER(B22) -> Suresh | L22: =LEFT(B22,"2") -> Su | N22: 8 | O22: Total salary of IT
O23: =SUMIF(C3:C22,"IT",F3:F22) -> 459000
N25: 9 | O25: Total salary of Hr
O26: =SUMIF(C3:C22,"HR",F3:F22) -> 224000
N28: 10 | O28: Average salary of sales emp
O29: =AVERAGEIF(C3:C22,"sales",F3:F22) -> 40625

Sheet Business Questions
A1: Business Questions
A3: 1 | B3: What is the total salary paid to all employees?
A4: 2 | B4: What is the average salary of employees?
A5: 3 | B5: What is the highest salary?
A6: 4 | B6: What is the lowest salary?
A7: 5 | B7: How many employees are there?
A8: 6 | B8: How many employees are working in IT?
A9: 7 | B9: How many employees are working in Sales?
A10: 8 | B10: What is the total salary of IT employees?
A11: 9 | B11: What is the total salary of HR employees?
A12: 10 | B12: What is the average salary of Sales employees?
A13: 11 | B13: How many employees left the company?
A14: 12 | B14: How many employees stayed in the company?
... A22: 20 | B22: Extract first 2 letters from employee names.

Sheet Interview Questions
A1: Interview Questions
B3: What formula will you use to find the total salary paid to employees? | C3: sum()
B4: What formula will you use to calculate average employee salary? | C4: average()
B5: How will you identify the employee with the highest salary? | C5: Max()
B6: How will you find the number of employees in the company? | C6: count()
B7: How will you count employees in the IT department? | C7: countif()
B8: HR wants total salary paid to Sales department. Which formula will you use? | C8: sumif()
B9: How will you calculate average salary of HR department? | C9: averageif()
B10: How will you classify employees as High Salary and Low Salary? | C10: if()
B11: How will you identify employees with experience greater than 5 years? | C11: countif()
B12: How will you calculate bonus only for employees earning above ₹50,000?
